order_id;order_date;user_id;product_id;revenue
8213351680;02/08/2024;75361105;32189;3110,96
7536474509;29/10/2024;43580092;60146;645,26
5205005404;07/03/2024;75361105;50781;844,18
8213351680;02/08/2024;75361105;21032;3110,96
2673322804;28/02/2024;75361105;44933;3380,05
2989292591;27/04/2024;37404863;20324;6308,4
9015910531;20/02/2024;75361105;70185;4579,57
6785519338;28/08/2024;75361105;63804;3947,49
7637141267;07/02/2024;75361105;32189;7493,77
1489278535;14/08/2024;75361105;10105;1305,41
3953152732;10/01/2024;10560208;49121;317,26
1489278535;14/08/2024;75361105;98158;1305,41
7637141267;07/02/2024;75361105;30338;7493,77
6310727348;05/07/2024;37404863;49121;6711,7
5584985119;06/11/2024;43580092;24524;214,91
9015910531;20/02/2024;75361105;40811;4579,57
9015910531;20/02/2024;75361105;30338;4579,57
9015910531;20/02/2024;75361105;54118;4579,57
2673322804;28/02/2024;75361105;19045;3380,05
7637141267;07/02/2024;75361105;51842;7493,77
5018225315;03/11/2024;86808677;73370;429,4
8213351680;02/08/2024;75361105;51477;3110,96
6785519338;28/08/2024;75361105;80738;3947,49
5018225315;03/11/2024;86808677;60146;429,4
2989292591;27/04/2024;37404863;21729;6308,4
6785519338;28/08/2024;75361105;10105;3947,49
1931655094;28/10/2024;83334046;37063;48,9
2673322804;28/02/2024;75361105;89549;3380,05
2673322804;28/02/2024;75361105;70185;3380,05
7637141267;07/02/2024;75361105;21032;7493,77
9015910531;20/02/2024;75361105;45934;4579,57
7637141267;07/02/2024;75361105;18508;7493,77
6785519338;28/08/2024;75361105;23393;3947,49
6785519338;28/08/2024;75361105;20657;3947,49
5753091396;30/09/2024;43580092;60146;258,2
5753091396;30/09/2024;43580092;71496;258,2
5018225315;03/11/2024;86808677;93608;429,4
7637141267;07/02/2024;75361105;74739;7493,77
2673322804;28/02/2024;75361105;50781;3380,05
6785519338;28/08/2024;75361105;91290;3947,49
2673322804;28/02/2024;75361105;18508;3380,05
7637141267;07/02/2024;75361105;96661;7493,77
1489278535;14/08/2024;75361105;71362;1305,41
8213351680;02/08/2024;75361105;65899;3110,96
8213351680;02/08/2024;75361105;78396;3110,96
6785519338;28/08/2024;75361105;48975;3947,49
6785519338;28/08/2024;75361105;54628;3947,49
8213351680;02/08/2024;75361105;48975;3110,96
5205005404;07/03/2024;75361105;19045;844,18
9015910531;20/02/2024;75361105;18508;4579,57
5753091396;30/09/2024;43580092;24524;258,2
5018225315;03/11/2024;86808677;17795;429,4
1489278535;14/08/2024;75361105;53678;1305,41
9015910531;20/02/2024;75361105;79943;4579,57
2673322804;28/02/2024;75361105;40811;3380,05
1489278535;14/08/2024;75361105;80738;1305,41
1931655094;28/10/2024;83334046;29944;48,9
2673322804;28/02/2024;75361105;19968;3380,05
2673322804;28/02/2024;75361105;96661;3380,05
5205005404;07/03/2024;75361105;96167;844,18
5205005404;07/03/2024;75361105;19968;844,18
6785519338;28/08/2024;75361105;89549;3947,49
9015910531;20/02/2024;75361105;23393;4579,57
6127295089;29/01/2024;83095742;71496;99,46
9015910531;20/02/2024;75361105;44933;4579,57
6785519338;28/08/2024;75361105;74739;3947,49
1489278535;14/08/2024;75361105;51842;1305,41
9015910531;20/02/2024;75361105;20657;4579,57
7637141267;07/02/2024;75361105;89549;7493,77
2673322804;28/02/2024;75361105;54118;3380,05
7536474509;29/10/2024;43580092;79919;645,26
5584985119;06/11/2024;43580092;60146;214,91
5205005404;07/03/2024;75361105;80738;844,18
5205005404;07/03/2024;75361105;29546;844,18
1489278535;14/08/2024;75361105;79943;1305,41
8213351680;02/08/2024;75361105;10105;3110,96
5584985119;06/11/2024;43580092;71496;214,91
5205005404;07/03/2024;75361105;44933;844,18
1931655094;28/10/2024;83334046;83628;48,9
7536474509;29/10/2024;43580092;71496;645,26
2673322804;28/02/2024;75361105;74739;3380,05
8533413961;23/09/2024;43580092;24524;443,32
7637141267;07/02/2024;75361105;38236;7493,77
7637141267;07/02/2024;75361105;45934;7493,77
8213351680;02/08/2024;75361105;23393;3110,96
7637141267;07/02/2024;75361105;76253;7493,77
7536474509;29/10/2024;43580092;24524;645,26
9015910531;20/02/2024;75361105;10105;4579,57
6785519338;28/08/2024;75361105;51477;3947,49
1489278535;14/08/2024;75361105;18508;1305,41
6785519338;28/08/2024;75361105;19045;3947,49
7742685659;01/10/2024;86808677;17795;181,97
1489278535;14/08/2024;75361105;21032;1305,41
9015910531;20/02/2024;75361105;89549;4579,57
1489278535;14/08/2024;75361105;54063;1305,41
1931655094;28/10/2024;83334046;33017;48,9
5205005404;07/03/2024;75361105;96661;844,18
1489278535;14/08/2024;75361105;45934;1305,41
9015910531;20/02/2024;75361105;74739;4579,57
6785519338;28/08/2024;75361105;71362;3947,49
5205005404;07/03/2024;75361105;13875;844,18
7637141267;07/02/2024;75361105;65787;7493,77
2989292591;27/04/2024;37404863;49121;6308,4
5753091396;30/09/2024;43580092;41431;258,2
5584985119;06/11/2024;43580092;79919;214,91
7637141267;07/02/2024;75361105;30094;7493,77
2213800947;23/01/2024;33198146;59639;162,88
3871858885;25/07/2024;75361105;18508;545,59
7096463622;05/03/2024;37404863;49121;6702,49
2232376491;07/11/2024;37404863;13054;7171,82
6809849661;02/04/2024;33198146;89232;438,74
3871858885;25/07/2024;75361105;80738;545,59
9190967567;07/02/2024;37404863;13054;7514,22
3871858885;25/07/2024;75361105;44933;545,59
2232376491;07/11/2024;37404863;49121;7171,82
1308083633;05/11/2024;37404863;13054;7171,82
2213800947;23/01/2024;33198146;49121;162,88
3871858885;25/07/2024;75361105;79943;545,59
5267128515;06/03/2024;37404863;13054;1149,31
9233507248;01/08/2024;75361105;91031;466,44
9233507248;01/08/2024;75361105;98158;466,44
3871858885;25/07/2024;75361105;19045;545,59
7466431816;17/07/2024;33198146;49121;347,42
8666781459;09/04/2024;33198146;49121;183,16
9233507248;01/08/2024;75361105;80738;466,44
9233507248;01/08/2024;75361105;44933;466,44
3871858885;25/07/2024;75361105;96661;545,59
8943488690;14/06/2024;10560208;79389;1041,4
8943488690;14/06/2024;10560208;49121;1041,4
1308083633;05/11/2024;37404863;49121;7171,82
5834864496;28/08/2024;33198146;44933;275,3
1259779561;15/04/2024;37404863;49121;3342,1
3071785783;26/04/2024;37404863;31012;4387,74
3871858885;25/07/2024;75361105;20657;545,59
3071785783;26/04/2024;37404863;49121;4387,74
6809849661;02/04/2024;33198146;63533;438,74
9233507248;01/08/2024;75361105;89549;466,44
4508723409;19/06/2024;33198146;78396;0
9233507248;01/08/2024;75361105;19045;466,44
8651810738;10/01/2024;75361105;45934;7495,35
6601536158;19/09/2024;75361105;20657;162,92
7001094580;22/05/2024;37404863;14132;125476,66
8968725616;20/09/2024;10560208;49121;486,78
2179294367;24/01/2024;75361105;19045;1846,32
3787928879;09/01/2024;75361105;91290;7473,08
3240551737;18/09/2024;33198146;49121;346,57
5218534356;19/03/2024;33198146;80738;53,98
9439430141;12/02/2024;75361105;21493;5726,53
8163051339;18/09/2024;33198146;78396;0
8968725616;20/09/2024;10560208;31012;486,78
7637004063;20/09/2024;10560208;19204;486,78
9439430141;12/02/2024;75361105;79943;5726,53
9439430141;12/02/2024;75361105;20657;5726,53
6601536158;19/09/2024;75361105;44933;162,92
9439430141;12/02/2024;75361105;19968;5726,53
5205005404;07/03/2024;75361105;79943;844,18
9439430141;12/02/2024;75361105;44933;5726,53
8590789733;24/01/2024;10560208;59639;367,26
3787928879;09/01/2024;75361105;32189;7473,08
9439430141;12/02/2024;75361105;30094;5726,53
7001094580;22/05/2024;37404863;89964;125476,66
7001094580;22/05/2024;37404863;27935;125476,66
6601536158;19/09/2024;75361105;98158;162,92
8651810738;10/01/2024;75361105;65787;7495,35
8651810738;10/01/2024;75361105;32189;7495,35
8968725616;20/09/2024;10560208;69411;486,78
3787928879;09/01/2024;75361105;10888;7473,08
6601536158;19/09/2024;75361105;79943;162,92
7001094580;22/05/2024;37404863;62234;125476,66
9439430141;12/02/2024;75361105;76253;5726,53
7637004063;20/09/2024;10560208;49121;486,78
3240551737;18/09/2024;33198146;78396;346,57
9439430141;12/02/2024;75361105;19045;5726,53
7637004063;20/09/2024;10560208;31012;486,78
9439430141;12/02/2024;75361105;51477;5726,53
3787928879;09/01/2024;75361105;65899;7473,08
5331649356;25/02/2024;37404863;31012;8182,43
8651810738;10/01/2024;75361105;74739;7495,35
8651810738;10/01/2024;75361105;48975;7495,35
8651810738;10/01/2024;75361105;40811;7495,35
8798641872;20/09/2024;10560208;65767;0
7001094580;22/05/2024;37404863;89368;125476,66
9439430141;12/02/2024;75361105;89549;5726,53
2310034046;05/06/2024;33198146;49121;351,32
3787928879;09/01/2024;75361105;65448;7473,08
3787928879;09/01/2024;75361105;30094;7473,08
7001094580;22/05/2024;37404863;27665;125476,66
7637004063;20/09/2024;10560208;65767;486,78
3240551737;18/09/2024;33198146;19204;346,57
8590789733;24/01/2024;10560208;51477;367,26
5205005404;07/03/2024;75361105;20657;844,18
3787928879;09/01/2024;75361105;76253;7473,08
8163051339;18/09/2024;33198146;19204;0
3787928879;09/01/2024;75361105;21554;7473,08
8968725616;20/09/2024;10560208;19204;486,78
6601536158;19/09/2024;75361105;54063;162,92
9439430141;12/02/2024;75361105;30338;5726,53
7637004063;20/09/2024;10560208;69411;486,78
8494007453;11/07/2024;75361105;40811;2134,47
8494007453;11/07/2024;75361105;38804;2134,47
1624762194;12/09/2024;75361105;20657;1644,36
6022375944;24/10/2024;75361105;53678;3337,61
3706296209;21/03/2024;75361105;74739;2564,4
3706296209;21/03/2024;75361105;70185;2564,4
3706296209;21/03/2024;75361105;32189;2564,4
8494007453;11/07/2024;75361105;23393;2134,47
1624762194;12/09/2024;75361105;21032;1644,36
6022375944;24/10/2024;75361105;51842;3337,61
1624762194;12/09/2024;75361105;38804;1644,36
8494007453;11/07/2024;75361105;96661;2134,47
3706296209;21/03/2024;75361105;13875;2564,4
6909969260;19/09/2024;37404863;49121;6711,7
6022375944;24/10/2024;75361105;23393;3337,61
7852525515;01/06/2024;75361105;23393;1011,5
3706296209;21/03/2024;75361105;38236;2564,4
7852525515;01/06/2024;75361105;53678;1011,5
8494007453;11/07/2024;75361105;99105;2134,47
1624762194;12/09/2024;75361105;80738;1644,36
1624762194;12/09/2024;75361105;10105;1644,36
6022375944;24/10/2024;75361105;65767;3337,61
7852525515;01/06/2024;75361105;65767;1011,5
8494007453;11/07/2024;75361105;44933;2134,47
8494007453;11/07/2024;75361105;89549;2134,47
1624762194;12/09/2024;75361105;65787;1644,36
3706296209;21/03/2024;75361105;42711;2564,4
5518133136;07/02/2024;10560208;49121;367,26
7266954956;23/10/2024;33198146;49121;275,81
6022375944;24/10/2024;75361105;20657;3337,61
8494007453;11/07/2024;75361105;79943;2134,47
7852525515;01/06/2024;75361105;10105;1011,5
6022375944;24/10/2024;75361105;54063;3337,61
2537853326;20/01/2024;37404863;49121;688,6
8494007453;11/07/2024;75361105;51477;2134,47
6320770946;19/09/2024;37404863;49121;6711,7
8494007453;11/07/2024;75361105;91290;2134,47
1624762194;12/09/2024;75361105;74739;1644,36
2907327952;22/05/2024;33198146;49121;351,32
1624762194;12/09/2024;75361105;48975;1644,36
3706296209;21/03/2024;75361105;91290;2564,4
8494007453;11/07/2024;75361105;19045;2134,47
7852525515;01/06/2024;75361105;25901;1011,5
8494007453;11/07/2024;75361105;30338;2134,47
7852525515;01/06/2024;75361105;45934;1011,5
8494007453;11/07/2024;75361105;20657;2134,47
7852525515;01/06/2024;75361105;20657;1011,5
3706296209;21/03/2024;75361105;21032;2564,4
6022375944;24/10/2024;75361105;88713;3337,61
3706296209;21/03/2024;75361105;69749;2564,4
7852525515;01/06/2024;75361105;40811;1011,5
1624762194;12/09/2024;75361105;77856;1644,36
1624762194;12/09/2024;75361105;18508;1644,36
6022375944;24/10/2024;75361105;91290;3337,61
8494007453;11/07/2024;75361105;10105;2134,47
6022375944;24/10/2024;75361105;96661;3337,61
8494007453;11/07/2024;75361105;98158;2134,47
3706296209;21/03/2024;75361105;10105;2564,4
1624762194;12/09/2024;75361105;45934;1644,36
6022375944;24/10/2024;75361105;10105;3337,61
1624762194;12/09/2024;75361105;51842;1644,36
6022375944;24/10/2024;75361105;79943;3337,61
6022375944;24/10/2024;75361105;18508;3337,61
8494007453;11/07/2024;75361105;21032;2134,47
5153562512;25/01/2024;37404863;49121;6817,45
1624762194;12/09/2024;75361105;44933;1644,36
8494007453;11/07/2024;75361105;80738;2134,47
6022375944;24/10/2024;75361105;40811;3337,61
3706296209;21/03/2024;75361105;40627;2564,4
3706296209;21/03/2024;75361105;19968;2564,4
6022375944;24/10/2024;75361105;30338;3337,61
1624762194;12/09/2024;75361105;91290;1644,36
6022375944;24/10/2024;75361105;70185;3337,61
3706296209;21/03/2024;75361105;23393;2564,4
8494007453;11/07/2024;75361105;18508;2134,47
3706296209;21/03/2024;75361105;57618;2564,4
7697542660;06/03/2024;10560208;59639;499,9
6764814050;10/07/2024;33198146;80738;157,89
7637141267;07/02/2024;75361105;48975;7493,77
7549295670;07/08/2024;75361105;19045;1066,9
7637141267;07/02/2024;75361105;40811;7493,77
7549295670;07/08/2024;75361105;40811;1066,9
7549295670;07/08/2024;75361105;79943;1066,9
8691120272;26/06/2024;33198146;49121;275,56
6707847777;21/10/2024;86808677;80227;544,24
9261499666;21/09/2024;86808677;16824;53,95
6418656305;16/01/2024;33198146;25055;0
6707847777;21/10/2024;86808677;29944;544,24
6707847777;21/10/2024;86808677;17795;544,24
7549295670;07/08/2024;75361105;54063;1066,9
6707847777;21/10/2024;86808677;73370;544,24
7637141267;07/02/2024;75361105;79943;7493,77
1506197849;22/09/2024;86808677;17795;489,34
7549295670;07/08/2024;75361105;54118;1066,9
7637141267;07/02/2024;75361105;98158;7493,77
8429594803;07/10/2024;43580092;79919;412,32
1353559896;21/10/2024;43580092;71496;551,03
1353559896;21/10/2024;43580092;60146;551,03
7637141267;07/02/2024;75361105;19045;7493,77
7254200902;02/01/2024;33198146;49121;458,57
5386041392;16/09/2024;83334046;83628;34,26
9033638841;07/08/2024;33198146;49121;613,22
3580304882;18/01/2024;37404863;49121;3444,17
7549295670;07/08/2024;75361105;44933;1066,9
5108947834;04/05/2024;37404863;49121;6705,5
7637141267;07/02/2024;75361105;20657;7493,77
7254200902;02/01/2024;33198146;80738;458,57
8429594803;07/10/2024;43580092;24524;412,32
7549295670;07/08/2024;75361105;71362;1066,9
7637141267;07/02/2024;75361105;80738;7493,77
7549295670;07/08/2024;75361105;25901;1066,9
6375613896;23/02/2024;75361105;30338;3613,94
6375613896;23/02/2024;75361105;18508;3613,94
9865224872;21/08/2024;75361105;40811;2377,38
9865224872;21/08/2024;75361105;45934;2377,38
9865224872;21/08/2024;75361105;71362;2377,38
5153562512;25/01/2024;37404863;31012;6817,45
2449522680;29/10/2024;75361105;65899;2917,15
9865224872;21/08/2024;75361105;96661;2377,38
9865224872;21/08/2024;75361105;54063;2377,38
9865224872;21/08/2024;75361105;80738;2377,38
6375613896;23/02/2024;75361105;98158;3613,94
9865224872;21/08/2024;75361105;53678;2377,38
9865224872;21/08/2024;75361105;21493;2377,38
9865224872;21/08/2024;75361105;65448;2377,38
2449522680;29/10/2024;75361105;19045;2917,15
5211431978;09/01/2024;33198146;98158;175,11
9865224872;21/08/2024;75361105;20657;2377,38
2449522680;29/10/2024;75361105;96661;2917,15
7254200902;02/01/2024;33198146;76712;458,57
5979818568;28/10/2024;37404863;31012;3534,15
9865224872;21/08/2024;75361105;89549;2377,38
9865224872;21/08/2024;75361105;21032;2377,38
2449522680;29/10/2024;75361105;79943;2917,15
5211431978;09/01/2024;33198146;49121;175,11
5935870057;05/05/2024;75361105;98158;1016,23
2500706581;25/04/2024;37404863;49121;3409,63
6416623664;22/02/2024;37404863;49121;1782,17
6375613896;23/02/2024;75361105;19045;3613,94
6375613896;23/02/2024;75361105;20657;3613,94
9865224872;21/08/2024;75361105;10105;2377,38
9865224872;21/08/2024;75361105;30338;2377,38
9865224872;21/08/2024;75361105;54628;2377,38
4052063550;30/10/2024;37404863;88583;1705,14
9865224872;21/08/2024;75361105;91031;2377,38
2449522680;29/10/2024;75361105;78396;2917,15
2449522680;29/10/2024;75361105;51477;2917,15
6375613896;23/02/2024;75361105;79943;3613,94
4052063550;30/10/2024;37404863;61999;1705,14
7254200902;02/01/2024;33198146;44933;458,57
9865224872;21/08/2024;75361105;32189;2377,38
6375613896;23/02/2024;75361105;65787;3613,94
4052063550;30/10/2024;37404863;71329;1705,14
2449522680;29/10/2024;75361105;80738;2917,15
9865224872;21/08/2024;75361105;98158;2377,38
6416623664;22/02/2024;37404863;22369;1782,17
9865224872;21/08/2024;75361105;51477;2377,38
4835248312;27/02/2024;37404863;49121;7167,32
2449522680;29/10/2024;75361105;32189;2917,15
9865224872;21/08/2024;75361105;23393;2377,38
2871037622;22/03/2024;10560208;49121;452,48
9865224872;21/08/2024;75361105;63804;2377,38
4052063550;30/10/2024;37404863;21729;1705,14
4052063550;30/10/2024;37404863;10105;1705,14
2871037622;22/03/2024;10560208;69411;452,48
6375613896;23/02/2024;75361105;65767;3613,94
2449522680;29/10/2024;75361105;72352;2917,15
5935870057;05/05/2024;75361105;51477;1016,23
6416623664;22/02/2024;37404863;13054;1782,17
2871037622;22/03/2024;10560208;96661;452,48
6375613896;23/02/2024;75361105;21032;3613,94
4052063550;30/10/2024;37404863;95022;1705,14
4052063550;30/10/2024;37404863;63088;1705,14
6375613896;23/02/2024;75361105;23393;3613,94
2449522680;29/10/2024;75361105;20657;2917,15
2449522680;29/10/2024;75361105;21493;2917,15
3961709914;06/11/2024;75361105;53678;1135
3961709914;06/11/2024;75361105;20657;1135
3961709914;06/11/2024;75361105;54063;1135
8666781459;09/04/2024;33198146;38215;183,16
2411625622;17/02/2024;37404863;20324;8201,06
3961709914;06/11/2024;75361105;80738;1135
8666781459;09/04/2024;33198146;59639;183,16
3961709914;06/11/2024;75361105;21493;1135
5042773251;12/05/2024;75361105;20657;2047,82
5042773251;12/05/2024;75361105;65787;2047,82
5042773251;12/05/2024;75361105;32189;2047,82
3961709914;06/11/2024;75361105;65448;1135
2292522250;06/11/2024;33198146;49121;351,81
3961709914;06/11/2024;75361105;19045;1135
2411625622;17/02/2024;37404863;49121;8201,06
3961709914;06/11/2024;75361105;51477;1135
3675325311;08/05/2024;37404863;78396;877,34
5042773251;12/05/2024;75361105;30338;2047,82
2411625622;17/02/2024;37404863;31012;8201,06
1227490009;12/04/2024;37404863;49121;6681,84
3961709914;06/11/2024;75361105;79943;1135
5042773251;12/05/2024;75361105;74739;2047,82
3961709914;06/11/2024;75361105;98158;1135
1009045723;30/03/2024;37404863;13054;1036,49
3961709914;06/11/2024;75361105;96661;1135
5518133136;07/02/2024;10560208;69411;367,26
5042773251;12/05/2024;75361105;96661;2047,82
3675325311;08/05/2024;37404863;83779;877,34
7573767305;06/11/2024;33198146;49121;357,41
5042773251;12/05/2024;75361105;38804;2047,82
4003283492;17/06/2024;75361105;89549;65,88
7573767305;06/11/2024;33198146;60508;357,41
5042773251;12/05/2024;75361105;48975;2047,82
5042773251;12/05/2024;75361105;65767;2047,82
3675325311;08/05/2024;37404863;13054;877,34
3961709914;06/11/2024;75361105;45934;1135
5042773251;12/05/2024;75361105;19968;2047,82
3961709914;06/11/2024;75361105;32189;1135
7591837989;18/03/2024;43580092;60146;762,58
1004086642;05/09/2024;43580092;71496;203,53
9015910531;20/02/2024;75361105;48975;4579,57
1885316237;05/08/2024;43580092;17795;495,68
1885316237;05/08/2024;43580092;60146;495,68
9015910531;20/02/2024;75361105;65787;4579,57
9015910531;20/02/2024;75361105;65767;4579,57
9015910531;20/02/2024;75361105;38236;4579,57
9940993145;29/01/2024;43580092;60146;364,35
5445688466;26/01/2024;83095742;71496;245,91
3356729483;23/04/2024;83334046;19818;68,17
4528077279;09/08/2024;86808677;73370;86,01
9015910531;20/02/2024;75361105;96661;4579,57
1954135081;09/10/2024;37404863;88583;704,53
9015910531;20/02/2024;75361105;98158;4579,57
5445688466;26/01/2024;83095742;60146;245,91
3356729483;23/04/2024;83334046;41908;68,17
1004086642;05/09/2024;43580092;73370;203,53
1004086642;05/09/2024;43580092;24524;203,53
7591837989;18/03/2024;43580092;93608;762,58
1992549071;22/01/2024;86808677;19377;23,25
3356729483;23/04/2024;83334046;75670;68,17
3528282210;09/10/2024;33198146;80738;62,07
7591837989;18/03/2024;43580092;95366;762,58
1004086642;05/09/2024;43580092;60146;203,53
1885316237;05/08/2024;43580092;95366;495,68
4082212616;08/10/2024;75361105;40811;4564,82
9015910531;20/02/2024;75361105;80738;4579,57
4082212616;08/10/2024;75361105;77856;4564,82
9562482712;29/07/2024;86808677;17795;328,92
9015910531;20/02/2024;75361105;19045;4579,57
1885316237;05/08/2024;43580092;24524;495,68
5445688466;26/01/2024;83095742;89499;245,91
3356729483;23/04/2024;83334046;52804;68,17
9304727915;19/08/2024;86808677;17795;174,03
4082212616;08/10/2024;75361105;54118;4564,82
1885316237;05/08/2024;43580092;71496;495,68
5036026068;27/02/2024;83334046;93001;25,13
1885316237;05/08/2024;43580092;35683;495,68
4528077279;09/08/2024;86808677;56878;86,01
7591837989;18/03/2024;43580092;71496;762,58
4082212616;08/10/2024;75361105;53678;4564,82
4082212616;08/10/2024;75361105;58001;4564,82
9575005281;05/02/2024;43580092;60146;310,34
3191864544;25/09/2024;33198146;80738;225,47
1470230069;26/09/2024;37404863;83779;2939,28
2609711922;24/09/2024;75361105;20048;726,72
1022383201;03/10/2024;37404863;23393;5376,29
9575005281;05/02/2024;43580092;79919;310,34
2609711922;24/09/2024;75361105;32189;726,72
3191864544;25/09/2024;33198146;49121;225,47
9279042810;20/06/2024;86808677;63711;279,3
4772803568;30/07/2024;43580092;60146;280,93
1022383201;03/10/2024;37404863;20324;5376,29
1275747361;01/07/2024;43580092;95366;269,02
1275747361;01/07/2024;43580092;60146;269,02
1022383201;03/10/2024;37404863;31012;5376,29
5266249616;30/09/2024;37404863;49121;6711,7
5445688466;26/01/2024;83095742;93608;245,91
2609711922;24/09/2024;75361105;44933;726,72
2903074883;15/04/2024;43580092;60146;345,85
1057410608;02/10/2024;33198146;59639;0
1022383201;03/10/2024;37404863;10105;5376,29
2903074883;15/04/2024;43580092;24524;345,85
3360664896;25/01/2024;86808677;63711;39,37
2609711922;24/09/2024;75361105;19045;726,72
2609711922;24/09/2024;75361105;30338;726,72
3668939489;13/03/2024;43580092;79919;565,49
4772803568;30/07/2024;43580092;56878;280,93
2609711922;24/09/2024;75361105;80738;726,72
9279042810;20/06/2024;86808677;93608;279,3
2742560638;25/09/2024;33198146;49121;351,81
9575005281;05/02/2024;43580092;35683;310,34
9279042810;20/06/2024;86808677;17795;279,3
1022383201;03/10/2024;37404863;32189;5376,29
1624762194;12/09/2024;75361105;99105;1644,36
9575005281;05/02/2024;43580092;24524;310,34
1470230069;26/09/2024;37404863;31012;2939,28
2609711922;24/09/2024;75361105;77856;726,72
3668939489;13/03/2024;43580092;60146;565,49
9279042810;20/06/2024;86808677;61216;279,3
1022383201;03/10/2024;37404863;78396;5376,29
1022383201;03/10/2024;37404863;30338;5376,29
1022383201;03/10/2024;37404863;51477;5376,29
2609711922;24/09/2024;75361105;40811;726,72
3134611810;04/06/2024;86808677;16824;421,28
1876316172;15/10/2024;75361105;10105;7473,64
1876316172;15/10/2024;75361105;19045;7473,64
5707696730;16/07/2024;43580092;36299;330,64
8163801729;26/01/2024;43580092;71496;382,55
6697082492;09/07/2024;86808677;29944;294,92
4523156299;06/01/2024;86808677;73370;230,63
3134611810;04/06/2024;86808677;91761;421,28
8163801729;26/01/2024;43580092;60146;382,55
1876316172;15/10/2024;75361105;71362;7473,64
5707696730;16/07/2024;43580092;71496;330,64
2925013321;30/10/2024;33198146;49121;689,52
3134611810;04/06/2024;86808677;73370;421,28
6697082492;09/07/2024;86808677;93608;294,92
1876316172;15/10/2024;75361105;77856;7473,64
9054075888;26/08/2024;43580092;71496;553,3
1876316172;15/10/2024;75361105;19968;7473,64
5707696730;16/07/2024;43580092;24524;330,64
1677837694;30/10/2024;33198146;49121;351,81
3134611810;04/06/2024;86808677;93608;421,28
9054075888;26/08/2024;43580092;52804;553,3
7019288323;16/01/2024;75361105;65787;7455,89
9054075888;26/08/2024;43580092;79919;553,3
7019288323;16/01/2024;75361105;21032;7455,89
7019288323;16/01/2024;75361105;91290;7455,89
6432593591;25/05/2024;86808677;69566;12,53
7019288323;16/01/2024;75361105;89549;7455,89
7019288323;16/01/2024;75361105;74739;7455,89
7019288323;16/01/2024;75361105;40811;7455,89
8527752331;29/01/2024;86808677;24549;238,65
7019288323;16/01/2024;75361105;30338;7455,89
9054075888;26/08/2024;43580092;93608;553,3
7002079787;01/02/2024;10560208;49121;279,65
7019288323;16/01/2024;75361105;80738;7455,89
5665796725;05/07/2024;86808677;91761;69,28
6432593591;25/05/2024;86808677;44602;12,53
6144745969;18/06/2024;43580092;79919;308,64
8063890979;22/01/2024;83095742;71496;524,75
7019288323;16/01/2024;75361105;98158;7455,89
7019288323;16/01/2024;75361105;10051;7455,89
7019288323;16/01/2024;75361105;54118;7455,89
8527752331;29/01/2024;86808677;14766;238,65
7019288323;16/01/2024;75361105;18508;7455,89
2083031415;25/08/2024;86808677;60146;288
9182015691;29/01/2024;86808677;93608;190,25
8018951303;25/03/2024;86808677;17795;344,93
5665796725;05/07/2024;86808677;60956;69,28
7019288323;16/01/2024;75361105;71362;7455,89
6098876087;08/03/2024;83095742;71960;426,91
9054075888;26/08/2024;43580092;41431;553,3
9182015691;29/01/2024;86808677;61216;190,25
5665796725;05/07/2024;86808677;41310;69,28
4082212616;08/10/2024;75361105;80738;4564,82
8261094621;08/09/2024;75361105;71362;1810,45
2401110789;12/09/2024;86808677;93608;286,41
4082212616;08/10/2024;75361105;54063;4564,82
5707696730;16/07/2024;43580092;16824;330,64
5665796725;05/07/2024;86808677;73370;69,28
4082212616;08/10/2024;75361105;96661;4564,82
4838487153;11/09/2024;33198146;49121;389,31
5665796725;05/07/2024;86808677;56878;69,28
4082212616;08/10/2024;75361105;89549;4564,82
7091565004;05/05/2024;86808677;93608;291,4
8261094621;08/09/2024;75361105;89549;1810,45
4082212616;08/10/2024;75361105;19045;4564,82
3668939489;13/03/2024;43580092;72870;565,49
8506040320;02/10/2024;75361105;40811;1752,27
5665796725;05/07/2024;86808677;61216;69,28
6579829590;18/01/2024;43580092;41431;227,83
3668939489;13/03/2024;43580092;71496;565,49
7091565004;05/05/2024;86808677;35683;291,4
7091565004;05/05/2024;86808677;60956;291,4
6579829590;18/01/2024;43580092;17795;227,83
3528282210;09/10/2024;33198146;79389;62,07
8670193206;30/05/2024;83095742;71496;67,8
9054075888;26/08/2024;43580092;17795;553,3
5737821820;09/10/2024;33198146;49121;351,81
1115751947;05/09/2024;86808677;93608;247,92
2401110789;12/09/2024;86808677;17795;286,41
4082212616;08/10/2024;75361105;71362;4564,82
9054075888;26/08/2024;43580092;24524;553,3
4082212616;08/10/2024;75361105;19968;4564,82
8533413961;23/09/2024;43580092;93608;443,32
4082212616;08/10/2024;75361105;44933;4564,82
4082212616;08/10/2024;75361105;32189;4564,82
5665796725;05/07/2024;86808677;14022;69,28
4082212616;08/10/2024;75361105;79943;4564,82
3752179919;09/08/2024;86808677;63635;86,01
8261094621;08/09/2024;75361105;79943;1810,45
8506040320;02/10/2024;75361105;79943;1752,27
4082212616;08/10/2024;75361105;91290;4564,82
7091565004;05/05/2024;86808677;73370;291,4
4082212616;08/10/2024;75361105;13038;4564,82
4082212616;08/10/2024;75361105;30338;4564,82
7895391897;03/07/2024;86808677;17795;290,62
8533413961;23/09/2024;43580092;71496;443,32
3752179919;09/08/2024;86808677;14022;86,01
8533413961;23/09/2024;43580092;60146;443,32
4082212616;08/10/2024;75361105;78396;4564,82
9054075888;26/08/2024;43580092;60146;553,3
6098876087;08/03/2024;83095742;60146;426,91
4082212616;08/10/2024;75361105;21493;4564,82
8506040320;02/10/2024;75361105;80738;1752,27
6579829590;18/01/2024;43580092;60146;227,83
8506040320;02/10/2024;75361105;54063;1752,27
7162247147;02/10/2024;33198146;49121;351,81
5665796725;05/07/2024;86808677;35683;69,28
8533413961;23/09/2024;43580092;79919;443,32
7091565004;05/05/2024;86808677;63711;291,4
3752179919;09/08/2024;86808677;56878;86,01
8506040320;02/10/2024;75361105;78396;1752,27
3752179919;09/08/2024;86808677;73370;86,01
1306893217;18/04/2024;83095742;71960;73,5
8506040320;02/10/2024;75361105;98158;1752,27
9940993145;29/01/2024;43580092;35683;364,35
6626872317;09/06/2024;86808677;35683;294,49
6785519338;28/08/2024;75361105;96661;3947,49
5229363361;22/06/2024;83095742;71960;110,91
5792626058;09/08/2024;86808677;93608;329,09
6785519338;28/08/2024;75361105;21032;3947,49
3700985361;15/05/2024;33198146;49121;411,8
4013115895;22/05/2024;33198146;51477;0
6785519338;28/08/2024;75361105;65899;3947,49
1459056265;29/05/2024;83334046;83628;25,28
6579829590;18/01/2024;43580092;24524;227,83
6626872317;09/06/2024;86808677;17795;294,49
3337739109;24/07/2024;83095742;60146;156,95
6785519338;28/08/2024;75361105;54063;3947,49
3356729483;23/04/2024;83334046;65090;68,17
3700985361;15/05/2024;33198146;83779;411,8
6785519338;28/08/2024;75361105;65767;3947,49
6785519338;28/08/2024;75361105;91031;3947,49
1459056265;29/05/2024;83334046;80443;25,28
6579829590;18/01/2024;43580092;71496;227,83
6785519338;28/08/2024;75361105;32189;3947,49
2125581820;21/08/2024;33198146;49121;551,61
3356729483;23/04/2024;83334046;19377;68,17
1459056265;29/05/2024;83334046;51849;25,28
6785519338;28/08/2024;75361105;65787;3947,49
3772195841;19/08/2024;43580092;71496;413,46
9643760367;21/08/2024;33198146;49121;351,81
3079812195;22/06/2024;83095742;71960;0
8651810738;10/01/2024;75361105;30338;7495,35
1715546856;05/09/2024;75361105;99105;1470,7
8651810738;10/01/2024;75361105;65448;7495,35
5211431978;09/01/2024;33198146;80738;175,11
8590789733;24/01/2024;10560208;69411;367,26
6375613896;23/02/2024;75361105;44933;3613,94
6375613896;23/02/2024;75361105;40811;3613,94
1489278535;14/08/2024;75361105;30338;1305,41
6375613896;23/02/2024;75361105;89549;3613,94
1715546856;05/09/2024;75361105;98158;1470,7
7637141267;07/02/2024;75361105;27202;7493,77
8651810738;10/01/2024;75361105;76253;7495,35
5935870057;05/05/2024;75361105;89549;1016,23
5429760275;21/02/2024;37404863;63394;0
1715546856;05/09/2024;75361105;80738;1470,7
5935870057;05/05/2024;75361105;79943;1016,23
8651810738;10/01/2024;75361105;51842;7495,35
6375613896;23/02/2024;75361105;80738;3613,94
7637141267;07/02/2024;75361105;54118;7493,77
5246906759;17/09/2024;37404863;49121;6711,7
1715546856;05/09/2024;75361105;19045;1470,7
1489278535;14/08/2024;75361105;96661;1305,41
6375613896;23/02/2024;75361105;96661;3613,94
8590789733;24/01/2024;10560208;49121;367,26
1715546856;05/09/2024;75361105;21493;1470,7
8261094621;08/09/2024;75361105;21032;1810,45
5935870057;05/05/2024;75361105;70185;1016,23
5935870057;05/05/2024;75361105;91290;1016,23
1715546856;05/09/2024;75361105;65787;1470,7
1489278535;14/08/2024;75361105;89549;1305,41
8651810738;10/01/2024;75361105;54118;7495,35
1715546856;05/09/2024;75361105;89549;1470,7
6375613896;23/02/2024;75361105;27202;3613,94
8651810738;10/01/2024;75361105;10051;7495,35
6375613896;23/02/2024;75361105;74739;3613,94
6375613896;23/02/2024;75361105;54118;3613,94
7637141267;07/02/2024;75361105;91290;7493,77
8651810738;10/01/2024;75361105;30094;7495,35
1715546856;05/09/2024;75361105;18508;1470,7
7637141267;07/02/2024;75361105;65767;7493,77
7637141267;07/02/2024;75361105;54063;7493,77
6375613896;23/02/2024;75361105;38236;3613,94
6375613896;23/02/2024;75361105;45934;3613,94
6375613896;23/02/2024;75361105;70185;3613,94
6375613896;23/02/2024;75361105;10105;3613,94
6375613896;23/02/2024;75361105;42894;3613,94
1489278535;14/08/2024;75361105;44933;1305,41
1715546856;05/09/2024;75361105;30338;1470,7
4161133873;14/03/2024;75361105;21032;2358,12
2213800947;23/01/2024;33198146;44933;162,88
8964267021;18/01/2024;75361105;30338;3001,12
4161133873;14/03/2024;75361105;79943;2358,12
5042773251;12/05/2024;75361105;19045;2047,82
4161133873;14/03/2024;75361105;89549;2358,12
4161133873;14/03/2024;75361105;65767;2358,12
5042773251;12/05/2024;75361105;18508;2047,82
7350355282;10/01/2024;75361105;54063;3120,64
1334380155;04/01/2024;75361105;76253;5368,23
8964267021;18/01/2024;75361105;40811;3001,12
1747979314;24/07/2024;33198146;49121;156,1
1334380155;04/01/2024;75361105;98158;5368,23
1334380155;04/01/2024;75361105;54063;5368,23
2213800947;23/01/2024;33198146;21554;162,88
5191364907;23/01/2024;37404863;49121;11622,93
7350355282;10/01/2024;75361105;40811;3120,64
5042773251;12/05/2024;75361105;53678;2047,82
1334380155;04/01/2024;75361105;48975;5368,23
4161133873;14/03/2024;75361105;80738;2358,12
8964267021;18/01/2024;75361105;96167;3001,12
7441109724;21/02/2024;37404863;49121;6732,9
2036245280;30/04/2024;33198146;51477;0
1334380155;04/01/2024;75361105;20657;5368,23
7350355282;10/01/2024;75361105;51842;3120,64
1334380155;04/01/2024;75361105;74739;5368,23
7350355282;10/01/2024;75361105;71362;3120,64
7350355282;10/01/2024;75361105;48975;3120,64
7350355282;10/01/2024;75361105;79943;3120,64
7350355282;10/01/2024;75361105;12812;3120,64
4161133873;14/03/2024;75361105;20657;2358,12
2213800947;23/01/2024;33198146;10105;162,88
1747979314;24/07/2024;33198146;80738;156,1
4161133873;14/03/2024;75361105;30338;2358,12
1334380155;04/01/2024;75361105;30338;5368,23
4834124490;17/07/2024;33198146;70989;237,03
4161133873;14/03/2024;75361105;21493;2358,12
5042773251;12/05/2024;75361105;45934;2047,82
1334380155;04/01/2024;75361105;53678;5368,23
8964267021;18/01/2024;75361105;54118;3001,12
7350355282;10/01/2024;75361105;89549;3120,64
5042773251;12/05/2024;75361105;91290;2047,82
1334380155;04/01/2024;75361105;44933;5368,23
7350355282;10/01/2024;75361105;18508;3120,64
7350355282;10/01/2024;75361105;96661;3120,64
1334380155;04/01/2024;75361105;70185;5368,23
1334380155;04/01/2024;75361105;78396;5368,23
5042773251;12/05/2024;75361105;79943;2047,82
5042773251;12/05/2024;75361105;21032;2047,82
9985002927;16/04/2024;33198146;80738;262,8
1334380155;04/01/2024;75361105;89549;5368,23
8964267021;18/01/2024;75361105;38236;3001,12
3946809891;21/04/2024;75361105;74739;3077,68
7152671663;22/02/2024;75361105;10105;2541
7350355282;10/01/2024;75361105;20657;3120,64
7152671663;22/02/2024;75361105;42894;2541
7152671663;22/02/2024;75361105;96661;2541
3946809891;21/04/2024;75361105;96661;3077,68
3946809891;21/04/2024;75361105;65787;3077,68
7152671663;22/02/2024;75361105;30338;2541
2769091113;10/11/2024;75361105;91290;1755,48
7152671663;22/02/2024;75361105;20657;2541
7152671663;22/02/2024;75361105;21032;2541
7152671663;22/02/2024;75361105;74739;2541
7152671663;22/02/2024;75361105;40811;2541
2769091113;10/11/2024;75361105;79943;1755,48
7152671663;22/02/2024;75361105;79943;2541
5834864496;28/08/2024;33198146;83779;275,3
2769091113;10/11/2024;75361105;65448;1755,48
2769091113;10/11/2024;75361105;44933;1755,48
7152671663;22/02/2024;75361105;45934;2541
3946809891;21/04/2024;75361105;30338;3077,68
3946809891;21/04/2024;75361105;79943;3077,68
7350355282;10/01/2024;75361105;75744;3120,64
2769091113;10/11/2024;75361105;53678;1755,48
2769091113;10/11/2024;75361105;45934;1755,48
2334192483;05/03/2024;33198146;49121;421,25
8896785830;21/02/2024;10560208;49121;206,57
7350355282;10/01/2024;75361105;65767;3120,64
7350355282;10/01/2024;75361105;98158;3120,64
3946809891;21/04/2024;75361105;19968;3077,68
3438412471;08/05/2024;33198146;49121;439,14
2769091113;10/11/2024;75361105;32189;1755,48
9190967567;07/02/2024;37404863;71329;7514,22
3946809891;21/04/2024;75361105;53678;3077,68
2769091113;10/11/2024;75361105;71362;1755,48
3946809891;21/04/2024;75361105;19045;3077,68
3946809891;21/04/2024;75361105;44933;3077,68
2769091113;10/11/2024;75361105;21493;1755,48
2769091113;10/11/2024;75361105;23393;1755,48
7350355282;10/01/2024;75361105;30338;3120,64
3946809891;21/04/2024;75361105;91290;3077,68
7152671663;22/02/2024;75361105;38236;2541
2769091113;10/11/2024;75361105;74739;1755,48
2769091113;10/11/2024;75361105;65767;1755,48
3946809891;21/04/2024;75361105;65767;3077,68
7350355282;10/01/2024;75361105;44933;3120,64
3946809891;21/04/2024;75361105;20657;3077,68
7152671663;22/02/2024;75361105;19045;2541
2769091113;10/11/2024;75361105;21032;1755,48
2769091113;10/11/2024;75361105;51477;1755,48
2769091113;10/11/2024;75361105;80738;1755,48
5834864496;28/08/2024;33198146;20324;275,3
3115654610;27/02/2024;33198146;49121;371,42
4263396777;10/07/2024;33198146;49121;393,6
3115654610;27/02/2024;33198146;80738;371,42
4263396777;10/07/2024;33198146;78396;393,6
3946809891;21/04/2024;75361105;25901;3077,68
7350355282;10/01/2024;75361105;91290;3120,64
3946809891;21/04/2024;75361105;65899;3077,68
7350355282;10/01/2024;75361105;80738;3120,64
2589568641;11/01/2024;37404863;49121;11465,11
3438412471;08/05/2024;33198146;38215;439,14
7350355282;10/01/2024;75361105;65787;3120,64
7152671663;22/02/2024;75361105;70185;2541
7152671663;22/02/2024;75361105;65787;2541
3946809891;21/04/2024;75361105;61117;3077,68
7954598714;30/09/2024;37404863;49121;6711,7
4352317384;10/01/2024;75361105;80738;1605,4
4352317384;10/01/2024;75361105;91290;1605,4
9233507248;01/08/2024;75361105;54628;466,44
5153562512;25/01/2024;37404863;20324;6817,45
8506040320;02/10/2024;75361105;71362;1752,27
4352317384;10/01/2024;75361105;54063;1605,4
7441109724;21/02/2024;37404863;63394;6732,9
9233507248;01/08/2024;75361105;54063;466,44
7113010323;23/01/2024;33198146;21554;0
1571510046;16/01/2024;33198146;39405;90,02
9985002927;16/04/2024;33198146;49121;262,8
5518133136;07/02/2024;10560208;51477;367,26
7113010323;23/01/2024;33198146;10105;0
4352317384;10/01/2024;75361105;96661;1605,4
5458145532;07/02/2024;37404863;88583;1697,41
8506040320;02/10/2024;75361105;44933;1752,27
4352317384;10/01/2024;75361105;89549;1605,4
9817348226;13/07/2024;10560208;69411;1113,84
8506040320;02/10/2024;75361105;18508;1752,27
4352317384;10/01/2024;75361105;44933;1605,4
9233507248;01/08/2024;75361105;18508;466,44
5429760275;21/02/2024;37404863;20593;0
4352317384;10/01/2024;75361105;79943;1605,4
4391558961;19/06/2024;33198146;38215;434,94
4391558961;19/06/2024;33198146;49121;434,94
1571510046;16/01/2024;33198146;28026;90,02
5429760275;21/02/2024;37404863;55266;0
4352317384;10/01/2024;75361105;98158;1605,4
4352317384;10/01/2024;75361105;71362;1605,4
3660486974;30/03/2024;75361105;45934;2796,06
4352317384;10/01/2024;75361105;65767;1605,4
6707847777;21/10/2024;86808677;60146;544,24
5128996918;24/01/2024;75361105;51842;7496
6093489926;18/04/2024;75361105;25901;1903,22
5128996918;24/01/2024;75361105;51477;7496
6093489926;18/04/2024;75361105;54063;1903,22
6093489926;18/04/2024;75361105;53678;1903,22
7991649240;09/10/2024;86808677;61216;362,23
7113010323;23/01/2024;33198146;44933;0
5128996918;24/01/2024;75361105;48975;7496
5331649356;25/02/2024;37404863;49121;8182,43
6022375944;24/10/2024;75361105;44933;3337,61
6093489926;18/04/2024;75361105;48975;1903,22
5128996918;24/01/2024;75361105;40811;7496
5128996918;24/01/2024;75361105;21032;7496
6093489926;18/04/2024;75361105;96661;1903,22
1133190859;07/04/2024;75361105;98158;315,3
9154658819;08/05/2024;33198146;51477;0
5128996918;24/01/2024;75361105;96167;7496
1353559896;21/10/2024;43580092;64041;551,03
5664854851;23/10/2024;33198146;49121;351,81
6022375944;24/10/2024;75361105;19045;3337,61
6093489926;18/04/2024;75361105;19045;1903,22
6022375944;24/10/2024;75361105;51477;3337,61
1133190859;07/04/2024;75361105;19968;315,3
6093489926;18/04/2024;75361105;44933;1903,22
5128996918;24/01/2024;75361105;38236;7496
1353559896;21/10/2024;43580092;89499;551,03
5128996918;24/01/2024;75361105;65787;7496
5158083768;07/08/2024;33198146;49121;351,81
5128996918;24/01/2024;75361105;91290;7496
8429594803;07/10/2024;43580092;60146;412,32
2562566288;06/03/2024;10560208;59639;0
5128996918;24/01/2024;75361105;45934;7496
6022375944;24/10/2024;75361105;80738;3337,61
6093489926;18/04/2024;75361105;21493;1903,22
1133190859;07/04/2024;75361105;20657;315,3
5128996918;24/01/2024;75361105;30094;7496
5128996918;24/01/2024;75361105;54118;7496
5892655393;09/10/2024;86808677;93608;200,15
6093489926;18/04/2024;75361105;51842;1903,22
6093489926;18/04/2024;75361105;80738;1903,22
5410039652;18/03/2024;37404863;31012;10839,59
5128996918;24/01/2024;75361105;76253;7496
5128996918;24/01/2024;75361105;74739;7496
9500250278;03/10/2024;83095742;71496;94,6
9439430141;12/02/2024;75361105;80738;5726,53
2673322804;28/02/2024;75361105;38236;3380,05
4161133873;14/03/2024;75361105;32189;2358,12
9439430141;12/02/2024;75361105;38236;5726,53
1499559593;06/11/2024;37404863;21729;2113,61
5933217668;15/10/2024;37404863;49121;5476,33
4161133873;14/03/2024;75361105;98158;2358,12
9439430141;12/02/2024;75361105;70372;5726,53
9439430141;12/02/2024;75361105;96661;5726,53
5933217668;15/10/2024;37404863;31012;5476,33
9439430141;12/02/2024;75361105;13038;5726,53
8219776344;30/01/2024;33198146;39405;90,02
9439430141;12/02/2024;75361105;32189;5726,53
9439430141;12/02/2024;75361105;98158;5726,53
2673322804;28/02/2024;75361105;29546;3380,05
2673322804;28/02/2024;75361105;79943;3380,05
5410039652;18/03/2024;37404863;49121;10839,59
2673322804;28/02/2024;75361105;10105;3380,05
7687327655;09/08/2024;10560208;69411;275,4
4161133873;14/03/2024;75361105;19045;2358,12
4161133873;14/03/2024;75361105;44933;2358,12
6620230213;26/06/2024;33198146;60508;390,52
9439430141;12/02/2024;75361105;18508;5726,53
9439430141;12/02/2024;75361105;13875;5726,53
6620230213;26/06/2024;33198146;49121;390,52
6632547212;15/05/2024;37404863;10105;206,11
2673322804;28/02/2024;75361105;80738;3380,05
4161133873;14/03/2024;75361105;96661;2358,12
2989292591;27/04/2024;37404863;31012;6308,4
2673322804;28/02/2024;75361105;21493;3380,05
6632547212;15/05/2024;37404863;32189;206,11
9439430141;12/02/2024;75361105;27202;5726,53
8420639227;16/10/2024;33198146;19204;0
5191364907;23/01/2024;37404863;31012;11622,93
2673322804;28/02/2024;75361105;27202;3380,05
4161133873;14/03/2024;75361105;38236;2358,12
9190967567;07/02/2024;37404863;49121;7514,22
4161133873;14/03/2024;75361105;23393;2358,12
4161133873;14/03/2024;75361105;74739;2358,12
4838487153;11/09/2024;33198146;80738;389,31
7549295670;07/08/2024;75361105;53678;1066,9
7549295670;07/08/2024;75361105;51477;1066,9
8355652560;06/02/2024;33198146;49121;454,24
8261094621;08/09/2024;75361105;74739;1810,45
7549295670;07/08/2024;75361105;51842;1066,9
7549295670;07/08/2024;75361105;89549;1066,9
7549295670;07/08/2024;75361105;80738;1066,9
7549295670;07/08/2024;75361105;96661;1066,9
5976939985;09/01/2024;33198146;49121;421,74
8355652560;06/02/2024;33198146;60508;454,24
3393097211;04/09/2024;33198146;28219;74,3
4834124490;17/07/2024;33198146;49121;237,03
1033529524;29/05/2024;33198146;80738;139,29
7549295670;07/08/2024;75361105;20657;1066,9
5267128515;06/03/2024;37404863;31012;1149,31
6377186126;04/06/2024;37404863;20324;6847,01
7549295670;07/08/2024;75361105;18508;1066,9
1033529524;29/05/2024;33198146;79265;139,29
1110373952;13/02/2024;33198146;96661;369,13
8261094621;08/09/2024;75361105;18508;1810,45
6377186126;04/06/2024;37404863;49121;6847,01
1110373952;13/02/2024;33198146;38215;369,13
3850079191;22/05/2024;75361105;91290;698,31
3850079191;22/05/2024;75361105;51477;698,31
3850079191;22/05/2024;75361105;96661;698,31
3850079191;22/05/2024;75361105;20657;698,31
4564632553;26/04/2024;37404863;78396;0
6093489926;18/04/2024;75361105;98158;1903,22
1876316172;15/10/2024;75361105;96661;7473,64
6093489926;18/04/2024;75361105;79943;1903,22
8669375348;29/03/2024;37404863;49121;6806,82
6093489926;18/04/2024;75361105;18508;1903,22
6093489926;18/04/2024;75361105;65787;1903,22
5308789875;25/10/2024;10560208;49121;479,81
8213351680;02/08/2024;75361105;45934;3110,96
6093489926;18/04/2024;75361105;20657;1903,22
6093489926;18/04/2024;75361105;51477;1903,22
6093489926;18/04/2024;75361105;10105;1903,22
3953152732;10/01/2024;10560208;21554;317,26
9861224497;27/03/2024;83095742;71496;90,4
6093489926;18/04/2024;75361105;89549;1903,22
8213351680;02/08/2024;75361105;74739;3110,96
6093489926;18/04/2024;75361105;45934;1903,22
8213351680;02/08/2024;75361105;99105;3110,96
8213351680;02/08/2024;75361105;63804;3110,96
8213351680;02/08/2024;75361105;91290;3110,96
8669375348;29/03/2024;37404863;20324;6806,82
6764814050;10/07/2024;33198146;49121;157,89
6093489926;18/04/2024;75361105;32189;1903,22
8669375348;29/03/2024;37404863;31012;6806,82
1401322163;25/06/2024;43580092;60146;287,52
1470230069;26/09/2024;37404863;20324;2939,28
9633062827;11/02/2024;86808677;24549;284,51
1022383201;03/10/2024;37404863;49121;5376,29
9575005281;05/02/2024;43580092;71496;310,34
1624762194;12/09/2024;75361105;65767;1644,36
7886587817;03/05/2024;43580092;24524;341,01
3521016429;03/01/2024;83334046;91260;33,3
1232209245;26/02/2024;86808677;56878;37,34
1306893217;18/04/2024;83095742;71496;73,5
1306893217;18/04/2024;83095742;52804;73,5
9633062827;11/02/2024;86808677;88519;284,51
9071080719;14/05/2024;83334046;75670;39,47
7886587817;03/05/2024;43580092;71496;341,01
1624762194;12/09/2024;75361105;91031;1644,36
4775623123;14/05/2024;83334046;71960;0
2722230732;09/06/2024;86808677;29944;23,59
2609711922;24/09/2024;75361105;18508;726,72
1763000456;29/07/2024;86808677;61216;107,17
2083031415;25/08/2024;86808677;93608;288
3658120160;20/01/2024;83095742;71496;524,75
8261094621;08/09/2024;75361105;19045;1810,45
8261094621;08/09/2024;75361105;45934;1810,45
3393097211;04/09/2024;33198146;79265;74,3
8261094621;08/09/2024;75361105;99105;1810,45
8261094621;08/09/2024;75361105;91031;1810,45
8261094621;08/09/2024;75361105;51842;1810,45
3038528139;13/09/2024;37404863;31012;2827,51
8261094621;08/09/2024;75361105;54628;1810,45
8261094621;08/09/2024;75361105;80738;1810,45
3360664896;25/01/2024;86808677;41206;39,37
8261094621;08/09/2024;75361105;58001;1810,45
3488583687;15/07/2024;86808677;93608;345,62
8261094621;08/09/2024;75361105;91290;1810,45
8261094621;08/09/2024;75361105;32189;1810,45
4528077279;09/08/2024;86808677;64041;86,01
3604050290;09/01/2024;43580092;71496;380,46
8261094621;08/09/2024;75361105;48975;1810,45
8261094621;08/09/2024;75361105;44933;1810,45
2083031415;25/08/2024;86808677;41373;288
8261094621;08/09/2024;75361105;54118;1810,45
6098876087;08/03/2024;83095742;71496;426,91
3360664896;25/01/2024;86808677;41310;39,37
5792626058;09/08/2024;86808677;17795;329,09
8261094621;08/09/2024;75361105;23393;1810,45
4082212616;08/10/2024;75361105;10105;4564,82
7886587817;03/05/2024;43580092;60146;341,01
8527752331;29/01/2024;86808677;93608;238,65
5274188426;10/06/2024;86808677;63711;45,71
6127295089;29/01/2024;83095742;93608;99,46
2647946544;12/08/2024;43580092;24524;347,91
1876316172;15/10/2024;75361105;98158;7473,64
8395709990;02/09/2024;86808677;17795;126,36
1876316172;15/10/2024;75361105;91031;7473,64
6078767945;16/10/2024;33198146;19204;472,1
1876316172;15/10/2024;75361105;79943;7473,64
2647946544;12/08/2024;43580092;61216;347,91
7886587817;03/05/2024;43580092;36299;341,01
7630666243;25/03/2024;43580092;61216;575,99
5707696730;16/07/2024;43580092;60146;330,64
6891807307;09/04/2024;86808677;63711;203,97
9071080719;14/05/2024;83334046;19818;39,47
7630666243;25/03/2024;43580092;71496;575,99
4495556914;07/01/2024;86808677;93608;221,64
4495556914;07/01/2024;86808677;61216;221,64
6272911180;07/03/2024;86808677;17795;251,99
6672688411;28/05/2024;43580092;24524;475,63
6672688411;28/05/2024;43580092;71496;475,63
7630666243;25/03/2024;43580092;41431;575,99
6891807307;09/04/2024;86808677;73370;203,97
1763000456;29/07/2024;86808677;73370;107,17
6672688411;28/05/2024;43580092;60146;475,63
6272911180;07/03/2024;86808677;93608;251,99
7630666243;25/03/2024;43580092;60146;575,99
7258048094;14/03/2024;86808677;19377;201,31
1689316903;20/04/2024;86808677;63711;174,89
2993802171;16/08/2024;83095742;71496;94,6
6891807307;09/04/2024;86808677;93608;203,97
6672688411;28/05/2024;43580092;35683;475,63
9071080719;14/05/2024;83334046;52804;39,47
7630666243;25/03/2024;43580092;52804;575,99
8388502136;05/02/2024;86808677;17795;177,5
7630666243;25/03/2024;43580092;24524;575,99
7630666243;25/03/2024;43580092;79919;575,99
9071080719;14/05/2024;83334046;80618;39,47
9071080719;14/05/2024;83334046;71960;39,47
6234166302;26/06/2024;83334046;29944;42,95
6098876087;08/03/2024;83095742;14965;426,91
8966650308;11/03/2024;83095742;71496;226
6697082492;09/07/2024;86808677;35683;294,92
3668939489;13/03/2024;43580092;24524;565,49
6680408956;19/08/2024;86808677;64041;120,05
6697082492;09/07/2024;86808677;16824;294,92
5655103323;10/06/2024;43580092;60146;333,37
3668939489;13/03/2024;43580092;61216;565,49
6098876087;08/03/2024;83095742;89499;426,91
7648790792;14/07/2024;86808677;17795;73,03
6234166302;26/06/2024;83334046;91260;42,95
8801718492;22/06/2024;86808677;93608;295,4
7974171879;24/05/2024;86808677;56878;286,65
9020914453;09/04/2024;83095742;71496;833,01
7974171879;24/05/2024;86808677;16824;286,65
9421850896;11/02/2024;43580092;73370;295,19
6056718463;22/07/2024;43580092;71496;419,72
9421850896;11/02/2024;43580092;24524;295,19
7974171879;24/05/2024;86808677;61216;286,65
1125902107;06/04/2024;83334046;59595;23,67
8093182242;08/04/2024;43580092;60146;192,48
1133190859;07/04/2024;75361105;19045;315,3
9421850896;11/02/2024;43580092;61216;295,19
2903074883;15/04/2024;43580092;71496;345,85
8163801729;26/01/2024;43580092;24524;382,55
9020914453;09/04/2024;83095742;93608;833,01
9421850896;11/02/2024;43580092;14022;295,19
6626872317;09/06/2024;86808677;93608;294,49
6056718463;22/07/2024;43580092;60146;419,72
8417593139;09/06/2024;86808677;89257;77,8
8163801729;26/01/2024;43580092;73370;382,55
1133190859;07/04/2024;75361105;25901;315,3
1125902107;06/04/2024;83334046;51849;23,67
9421850896;11/02/2024;43580092;93608;295,19
9421850896;11/02/2024;43580092;60146;295,19
2713778380;27/06/2024;83095742;71496;115,08
4523156299;06/01/2024;86808677;17795;230,63
5158500897;21/01/2024;86808677;13504;241,58
3071785783;26/04/2024;37404863;78396;4387,74
7651963291;18/09/2024;33198146;20657;679,09
7480117022;26/04/2024;43580092;60146;281,28
7480117022;26/04/2024;43580092;24524;281,28
6697082492;09/07/2024;86808677;98842;294,92
3071785783;26/04/2024;37404863;83779;4387,74
1715546856;05/09/2024;75361105;23393;1470,7
1715546856;05/09/2024;75361105;74739;1470,7
9665656415;07/03/2024;86808677;61216;45,14
6702196616;03/06/2024;43580092;24524;250,05
3058875686;18/03/2024;37404863;49121;3335,99
3071785783;26/04/2024;37404863;71329;4387,74
6917224091;19/02/2024;43580092;41431;485,83
6702196616;03/06/2024;43580092;79919;250,05
6917224091;19/02/2024;43580092;60146;485,83
7019288323;16/01/2024;75361105;79943;7455,89
1025046647;25/03/2024;86808677;19377;23,25
6702196616;03/06/2024;43580092;17795;250,05
1715546856;05/09/2024;75361105;32189;1470,7
6702196616;03/06/2024;43580092;71496;250,05
1715546856;05/09/2024;75361105;44933;1470,7
1715546856;05/09/2024;75361105;96661;1470,7
5158500897;21/01/2024;86808677;17795;241,58
7019288323;16/01/2024;75361105;20657;7455,89
2575168257;22/07/2024;86808677;63711;48,94
7651963291;18/09/2024;33198146;98158;679,09
7019288323;16/01/2024;75361105;65767;7455,89
6272911180;07/03/2024;86808677;63711;251,99
7480117022;26/04/2024;43580092;71496;281,28
7019288323;16/01/2024;75361105;96661;7455,89
7019288323;16/01/2024;75361105;50781;7455,89
6377186126;04/06/2024;37404863;31012;6847,01
7651963291;18/09/2024;33198146;96661;679,09
6697082492;09/07/2024;86808677;63711;294,92
7019288323;16/01/2024;75361105;54063;7455,89
6917224091;19/02/2024;43580092;71496;485,83
7651963291;18/09/2024;33198146;49121;679,09
7258048094;14/03/2024;86808677;17795;201,31
3946809891;21/04/2024;75361105;10105;3077,68
6447995452;28/08/2024;33198146;57102;0
2580591489;31/07/2024;33198146;60508;295,57
3946809891;21/04/2024;75361105;80738;3077,68
8964267021;18/01/2024;75361105;29546;3001,12
2673322804;28/02/2024;75361105;30338;3380,05
3946809891;21/04/2024;75361105;70185;3077,68
3946809891;21/04/2024;75361105;23393;3077,68
3946809891;21/04/2024;75361105;54118;3077,68
3946809891;21/04/2024;75361105;51477;3077,68
4296699863;24/01/2024;75361105;65899;1871,75
9845198504;02/01/2024;33198146;51477;0
8964267021;18/01/2024;75361105;51842;3001,12
2673322804;28/02/2024;75361105;96167;3380,05
8964267021;18/01/2024;75361105;12812;3001,12
2580591489;31/07/2024;33198146;49121;295,57
3946809891;21/04/2024;75361105;21032;3077,68
8183389705;12/03/2024;33198146;75739;0
8953963350;12/03/2024;33198146;75739;425,6
8964267021;18/01/2024;75361105;45934;3001,12
3056474997;24/01/2024;10560208;51477;0
8964267021;18/01/2024;75361105;65787;3001,12
3946809891;21/04/2024;75361105;48975;3077,68
8964267021;18/01/2024;75361105;21032;3001,12
7350355282;10/01/2024;75361105;45934;3120,64
2673322804;28/02/2024;75361105;87606;3380,05
8219776344;30/01/2024;33198146;28026;90,02
8964267021;18/01/2024;75361105;75744;3001,12
3946809891;21/04/2024;75361105;51842;3077,68
3850079191;22/05/2024;75361105;89549;698,31
9233507248;01/08/2024;75361105;79943;466,44
3850079191;22/05/2024;75361105;79943;698,31
3850079191;22/05/2024;75361105;19045;698,31
8953963350;12/03/2024;33198146;83779;425,6
7002079787;01/02/2024;10560208;31012;279,65
9233507248;01/08/2024;75361105;19968;466,44
4483903915;19/03/2024;33198146;49121;421,25
2907327952;22/05/2024;33198146;51477;351,32
8953963350;12/03/2024;33198146;49121;425,6
8098751663;30/01/2024;33198146;49121;421,39
1380387502;30/01/2024;75361105;54063;5838,38
4114271509;28/04/2024;75361105;45934;2198,52
6245205824;19/06/2024;33198146;79389;37,55
1380387502;30/01/2024;75361105;71362;5838,38
4114271509;28/04/2024;75361105;40811;2198,52
2338144073;23/01/2024;33198146;49121;475,15
7697542660;06/03/2024;10560208;49121;499,9
4114271509;28/04/2024;75361105;18508;2198,52
4114271509;28/04/2024;75361105;19045;2198,52
3871858885;25/07/2024;75361105;89549;545,59
1380387502;30/01/2024;75361105;30094;5838,38
4114271509;28/04/2024;75361105;44933;2198,52
2780563531;14/10/2024;86808677;17795;195,51
4114271509;28/04/2024;75361105;30338;2198,52
4114271509;28/04/2024;75361105;20657;2198,52
1380387502;30/01/2024;75361105;76341;5838,38
8463610530;03/07/2024;33198146;70989;168,43
1380387502;30/01/2024;75361105;44933;5838,38
1380387502;30/01/2024;75361105;70185;5838,38
3408950417;14/10/2024;43580092;52804;502,59
4114271509;28/04/2024;75361105;98158;2198,52
1380387502;30/01/2024;75361105;96661;5838,38
1380387502;30/01/2024;75361105;98158;5838,38
1380387502;30/01/2024;75361105;65767;5838,38
3408950417;14/10/2024;43580092;60146;502,59
1816859328;11/03/2024;37404863;49121;8200,39
4114271509;28/04/2024;75361105;53678;2198,52
1380387502;30/01/2024;75361105;80738;5838,38
1816859328;11/03/2024;37404863;20324;8200,39
4114271509;28/04/2024;75361105;21032;2198,52
4114271509;28/04/2024;75361105;89549;2198,52
3871858885;25/07/2024;75361105;19968;545,59
5417106172;11/10/2024;86808677;14022;25,54
4114271509;28/04/2024;75361105;23393;2198,52
3408950417;14/10/2024;43580092;41431;502,59
4114271509;28/04/2024;75361105;79943;2198,52
7697542660;06/03/2024;10560208;69411;499,9
4114271509;28/04/2024;75361105;96661;2198,52
1380387502;30/01/2024;75361105;18508;5838,38
4114271509;28/04/2024;75361105;74739;2198,52
6245205824;19/06/2024;33198146;78396;37,55
1506197849;22/09/2024;86808677;73370;489,34
5417106172;11/10/2024;86808677;63635;25,54
3871858885;25/07/2024;75361105;25901;545,59
1380387502;30/01/2024;75361105;78295;5838,38
2338144073;23/01/2024;33198146;79265;475,15
1380387502;30/01/2024;75361105;79943;5838,38
4114271509;28/04/2024;75361105;80738;2198,52
1380387502;30/01/2024;75361105;89549;5838,38
1380387502;30/01/2024;75361105;91290;5838,38
4114271509;28/04/2024;75361105;65787;2198,52
4114271509;28/04/2024;75361105;51842;2198,52
4114271509;28/04/2024;75361105;48975;2198,52
4114271509;28/04/2024;75361105;54118;2198,52
7852525515;01/06/2024;75361105;79943;1011,5
2179294367;24/01/2024;75361105;54063;1846,32
1133190859;07/04/2024;75361105;80738;315,3
1133190859;07/04/2024;75361105;89549;315,3
3408950417;14/10/2024;43580092;24524;502,59
3408950417;14/10/2024;43580092;93608;502,59
4835248312;27/02/2024;37404863;13054;7167,32
3408950417;14/10/2024;43580092;64041;502,59
2179294367;24/01/2024;75361105;29546;1846,32
3408950417;14/10/2024;43580092;71496;502,59
1334380155;04/01/2024;75361105;96661;5368,23
4515087095;14/10/2024;86808677;93608;107,83
3408950417;14/10/2024;43580092;17795;502,59
2179294367;24/01/2024;75361105;80738;1846,32
5417106172;11/10/2024;86808677;41310;25,54
2179294367;24/01/2024;75361105;71362;1846,32
2626101436;11/10/2024;83334046;83628;19,6
1133190859;07/04/2024;75361105;18508;315,3
4114271509;28/04/2024;75361105;91290;2198,52
1334380155;04/01/2024;75361105;65448;5368,23
1334380155;04/01/2024;75361105;45934;5368,23
1571510046;16/01/2024;33198146;25055;90,02
2179294367;24/01/2024;75361105;20657;1846,32
2179294367;24/01/2024;75361105;98158;1846,32
2179294367;24/01/2024;75361105;96661;1846,32
2626101436;11/10/2024;83334046;37063;19,6
4114271509;28/04/2024;75361105;70185;2198,52
7852525515;01/06/2024;75361105;18508;1011,5
2179294367;24/01/2024;75361105;18508;1846,32
1571510046;16/01/2024;33198146;44933;90,02
1334380155;04/01/2024;75361105;80738;5368,23
5417106172;11/10/2024;86808677;60956;25,54
3222841730;04/01/2024;75361105;76253;7489,93
1876316172;15/10/2024;75361105;65767;7473,64
3222841730;04/01/2024;75361105;75744;7489,93
1876316172;15/10/2024;75361105;54118;7473,64
6338715559;16/10/2024;33198146;49121;885,77
3222841730;04/01/2024;75361105;54118;7489,93
3222841730;04/01/2024;75361105;42894;7489,93
1876316172;15/10/2024;75361105;89549;7473,64
1876316172;15/10/2024;75361105;44933;7473,64
8975432871;05/03/2024;33198146;49121;299,33
6078767945;16/10/2024;33198146;49121;472,1
1876316172;15/10/2024;75361105;32189;7473,64
3222841730;04/01/2024;75361105;70185;7489,93
3222841730;04/01/2024;75361105;65787;7489,93
9015910531;20/02/2024;75361105;91290;4579,57
7001094580;22/05/2024;37404863;21729;125476,66
3222841730;04/01/2024;75361105;32189;7489,93
1876316172;15/10/2024;75361105;40811;7473,64
7441109724;21/02/2024;37404863;47135;6732,9
1876316172;15/10/2024;75361105;21493;7473,64
1876316172;15/10/2024;75361105;54063;7473,64
3222841730;04/01/2024;75361105;48975;7489,93
3222841730;04/01/2024;75361105;74739;7489,93
1876316172;15/10/2024;75361105;78396;7473,64
1876316172;15/10/2024;75361105;45934;7473,64
1876316172;15/10/2024;75361105;80738;7473,64
1876316172;15/10/2024;75361105;30338;7473,64
3222841730;04/01/2024;75361105;71362;7489,93
7001094580;22/05/2024;37404863;83261;125476,66
1876316172;15/10/2024;75361105;18508;7473,64
3222841730;04/01/2024;75361105;30338;7489,93
7001094580;22/05/2024;37404863;31012;125476,66
3222841730;04/01/2024;75361105;65448;7489,93
8975432871;05/03/2024;33198146;44933;299,33
4834124490;17/07/2024;33198146;94946;237,03
1876316172;15/10/2024;75361105;21032;7473,64
7441109724;21/02/2024;37404863;20593;6732,9
3222841730;04/01/2024;75361105;40811;7489,93
6809849661;02/04/2024;33198146;49121;438,74
1876316172;15/10/2024;75361105;58001;7473,64
1876316172;15/10/2024;75361105;19204;7473,64
7001094580;22/05/2024;37404863;49121;125476,66
5709399359;25/03/2024;33198146;49121;331,84
6785519338;28/08/2024;75361105;38804;3947,49
3043278459;27/05/2024;37404863;31012;7701,88
6245205824;19/06/2024;33198146;80738;37,55
6785519338;28/08/2024;75361105;99105;3947,49
6785519338;28/08/2024;75361105;18508;3947,49
2500706581;25/04/2024;37404863;31012;3409,63
6447995452;28/08/2024;33198146;44933;0
5928751414;21/03/2024;37404863;13054;1556,62
2040051099;11/10/2024;10560208;49121;526,73
2500706581;25/04/2024;37404863;22369;3409,63
9845198504;02/01/2024;33198146;44933;0
6785519338;28/08/2024;75361105;45934;3947,49
4263396777;10/07/2024;33198146;19204;393,6
5709399359;25/03/2024;33198146;79265;331,84
5928751414;21/03/2024;37404863;63088;1556,62
5928751414;21/03/2024;37404863;21729;1556,62
5128996918;24/01/2024;75361105;50781;7496
9645397379;08/04/2024;37404863;49121;6681,84
3546762550;30/04/2024;33198146;49121;394,48
3546762550;30/04/2024;33198146;51477;394,48
8025892401;29/05/2024;33198146;49121;485,96
3706296209;21/03/2024;75361105;30338;2564,4
3706296209;21/03/2024;75361105;22638;2564,4
5128996918;24/01/2024;75361105;29546;7496
2040051099;11/10/2024;10560208;69411;526,73
3546762550;30/04/2024;33198146;70989;394,48
7254200902;02/01/2024;33198146;51477;458,57
3700985361;15/05/2024;33198146;20324;411,8
6245205824;19/06/2024;33198146;51477;37,55
7437692528;15/05/2024;37404863;31012;10675,31
9097964449;06/09/2024;10560208;69411;413,3
5410039652;18/03/2024;37404863;20324;10839,59
3546762550;30/04/2024;33198146;63533;394,48
1571510046;16/01/2024;33198146;10105;90,02
9154658819;08/05/2024;33198146;65767;0
4693841716;06/11/2024;37404863;31012;2126,67
6022375944;24/10/2024;75361105;71362;3337,61
8463610530;03/07/2024;33198146;80738;168,43
7437692528;15/05/2024;37404863;49121;10675,31
6974624186;27/05/2024;37404863;78396;0
8219094686;14/08/2024;33198146;49121;351,81
9097964449;06/09/2024;10560208;49121;413,3
5331649356;25/02/2024;37404863;20324;8182,43
3546762550;30/04/2024;33198146;89232;394,48
5042773251;12/05/2024;75361105;71362;2047,82
6707847777;21/10/2024;86808677;23975;544,24
3660486974;30/03/2024;75361105;13875;2796,06
9261499666;21/09/2024;86808677;73370;53,95
3660486974;30/03/2024;75361105;10105;2796,06
1380387502;30/01/2024;75361105;70372;5838,38
7991649240;09/10/2024;86808677;56878;362,23
3660486974;30/03/2024;75361105;50781;2796,06
5834864496;28/08/2024;33198146;49121;275,3
3660486974;30/03/2024;75361105;48975;2796,06
1506197849;22/09/2024;86808677;63711;489,34
5417001308;03/04/2024;75361105;79943;162,86
3660486974;30/03/2024;75361105;74739;2796,06
9865224872;21/08/2024;75361105;19045;2377,38
7991649240;09/10/2024;86808677;17795;362,23
6707847777;21/10/2024;86808677;93608;544,24
3660486974;30/03/2024;75361105;65767;2796,06
3056474997;24/01/2024;10560208;59639;0
6707847777;21/10/2024;86808677;28529;544,24
7576438538;07/02/2024;10560208;51477;0
9865224872;21/08/2024;75361105;65767;2377,38
5042773251;12/05/2024;75361105;51842;2047,82
9865224872;21/08/2024;75361105;18508;2377,38
3660486974;30/03/2024;75361105;65787;2796,06
7019288323;16/01/2024;75361105;29546;7455,89
9261499666;21/09/2024;86808677;74043;53,95
5386041392;16/09/2024;83334046;33017;34,26
7019288323;16/01/2024;75361105;30094;7455,89
7152671663;22/02/2024;75361105;80738;2541
8943488690;14/06/2024;10560208;31012;1041,4
3660486974;30/03/2024;75361105;40811;2796,06
1353559896;21/10/2024;43580092;93608;551,03
7437692528;15/05/2024;37404863;13054;10675,31
7019288323;16/01/2024;75361105;51842;7455,89
8429594803;07/10/2024;43580092;71496;412,32
5042773251;12/05/2024;75361105;80738;2047,82
3660486974;30/03/2024;75361105;23393;2796,06
4508723409;19/06/2024;33198146;51477;0
9261499666;21/09/2024;86808677;60956;53,95
3660486974;30/03/2024;75361105;71362;2796,06
3660486974;30/03/2024;75361105;79943;2796,06
3660486974;30/03/2024;75361105;91290;2796,06
1380387502;30/01/2024;75361105;20657;5838,38
1506197849;22/09/2024;86808677;93608;489,34
7437692528;15/05/2024;37404863;20324;10675,31
3660486974;30/03/2024;75361105;29546;2796,06
3660486974;30/03/2024;75361105;30338;2796,06
3660486974;30/03/2024;75361105;51477;2796,06
3660486974;30/03/2024;75361105;70185;2796,06
8943488690;14/06/2024;10560208;19045;1041,4
7991649240;09/10/2024;86808677;73370;362,23
5834864496;28/08/2024;33198146;57102;275,3
1353559896;21/10/2024;43580092;24524;551,03
5429760275;21/02/2024;37404863;47135;0
3737194645;08/05/2024;33198146;49121;344,45
3660486974;30/03/2024;75361105;19968;2796,06
3737194645;08/05/2024;33198146;51477;344,45
7441109724;21/02/2024;37404863;55266;6732,9
3660486974;30/03/2024;75361105;51842;2796,06
7428352168;20/02/2024;33198146;49121;375,62
4352317384;10/01/2024;75361105;18508;1605,4
2334192483;05/03/2024;33198146;51477;421,25
3737194645;08/05/2024;33198146;65767;344,45
5964897726;02/01/2024;33198146;49121;1377,19
4352317384;10/01/2024;75361105;20657;1605,4
2334192483;05/03/2024;33198146;27202;421,25
3660486974;30/03/2024;75361105;38236;2796,06
7766936669;12/06/2024;33198146;49121;340,37
6418656305;16/01/2024;33198146;10105;0
4352317384;10/01/2024;75361105;40627;1605,4
3071785783;26/04/2024;37404863;20324;4387,74
6418656305;16/01/2024;33198146;44933;0
7428352168;20/02/2024;33198146;44933;375,62
4352317384;10/01/2024;75361105;76341;1605,4
2500706581;25/04/2024;37404863;20324;3409,63
6469275151;25/03/2024;33198146;79265;331,84
5417001308;03/04/2024;75361105;89549;162,86
8463610530;03/07/2024;33198146;49121;168,43
6469275151;25/03/2024;33198146;49121;331,84
5417001308;03/04/2024;75361105;18508;162,86
9439430141;12/02/2024;75361105;54063;5726,53
7001094580;22/05/2024;37404863;88583;125476,66
5737039455;08/05/2024;37404863;78396;0
7001094580;22/05/2024;37404863;83779;125476,66
8093182242;08/04/2024;43580092;24524;192,48
1110373952;13/02/2024;33198146;20657;369,13
1689316903;20/04/2024;86808677;61216;174,89
8801718492;22/06/2024;86808677;17795;295,4
7058046267;28/08/2024;33198146;49121;357,71
1816859328;11/03/2024;37404863;31012;8200,39
2647946544;12/08/2024;43580092;60146;347,91
3222841730;04/01/2024;75361105;65767;7489,93
1110373952;13/02/2024;33198146;49121;369,13
8261094621;08/09/2024;75361105;51477;1810,45
3546762550;30/04/2024;33198146;69737;394,48
3222841730;04/01/2024;75361105;51842;7489,93
3222841730;04/01/2024;75361105;10051;7489,93
6419497683;14/06/2024;10560208;19045;0
8261094621;08/09/2024;75361105;65787;1810,45
3546762550;30/04/2024;33198146;22369;394,48
3134611810;04/06/2024;86808677;17795;421,28
8261094621;08/09/2024;75361105;96661;1810,45
3222841730;04/01/2024;75361105;53678;7489,93
3222841730;04/01/2024;75361105;51477;7489,93
8801718492;22/06/2024;86808677;61216;295,4
6008200821;09/05/2024;43580092;71496;252,18
1110373952;13/02/2024;33198146;30094;369,13
3222841730;04/01/2024;75361105;45934;7489,93
7001094580;22/05/2024;37404863;13054;125476,66
2647946544;12/08/2024;43580092;71496;347,91
9562482712;29/07/2024;86808677;93608;328,92
8801718492;22/06/2024;86808677;73370;295,4
6349730166;16/03/2024;86808677;93608;241,99
8093182242;08/04/2024;43580092;71496;192,48
7001094580;22/05/2024;37404863;87039;125476,66
8801718492;22/06/2024;86808677;16824;295,4
5229363361;22/06/2024;83095742;71496;110,91
6144745969;18/06/2024;43580092;71496;308,64
7277457549;22/06/2024;86808677;56878;15,27
4528077279;09/08/2024;86808677;60146;86,01
6078767945;16/10/2024;33198146;79265;472,1
4528077279;09/08/2024;86808677;60956;86,01
1876316172;15/10/2024;75361105;54628;7473,64
4528077279;09/08/2024;86808677;41310;86,01
7895391897;03/07/2024;86808677;93608;290,62
3752179919;09/08/2024;86808677;60956;86,01
2647946544;12/08/2024;43580092;79919;347,91
1876316172;15/10/2024;75361105;51842;7473,64
3337739109;24/07/2024;83095742;77784;156,95
8747934960;01/04/2024;43580092;60146;237,68
8747934960;01/04/2024;43580092;71496;237,68
4528077279;09/08/2024;86808677;63635;86,01
4528077279;09/08/2024;86808677;14022;86,01
3337739109;24/07/2024;83095742;89499;156,95
8527752331;29/01/2024;86808677;73370;238,65
3752179919;09/08/2024;86808677;64041;86,01
7277457549;22/06/2024;86808677;60956;15,27
6144745969;18/06/2024;43580092;60146;308,64
3337739109;24/07/2024;83095742;29614;156,95
3752179919;09/08/2024;86808677;60146;86,01
1876316172;15/10/2024;75361105;51477;7473,64
3337739109;24/07/2024;83095742;71496;156,95
1876316172;15/10/2024;75361105;26518;7473,64
8747934960;01/04/2024;43580092;24524;237,68
3752179919;09/08/2024;86808677;41310;86,01
5655103323;10/06/2024;43580092;24524;333,37
8483428947;26/02/2024;43580092;29614;357,89
2093715392;04/03/2024;43580092;71496;308,99
6432593591;25/05/2024;86808677;23975;12,53
8371186298;15/05/2024;83095742;93608;174,97
8483428947;26/02/2024;43580092;24524;357,89
6078522019;09/08/2024;86808677;29944;24,21
8371186298;15/05/2024;83095742;71496;174,97
3144761639;19/01/2024;43580092;60956;32,46
6144745969;18/06/2024;43580092;24524;308,64
8371186298;15/05/2024;83095742;60146;174,97
8163801729;26/01/2024;43580092;29614;382,55
6378123728;26/02/2024;86808677;61216;279,8
3601500059;24/05/2024;43580092;71960;51,28
3601500059;24/05/2024;43580092;41310;51,28
2093715392;04/03/2024;43580092;60146;308,99
7974171879;24/05/2024;86808677;91761;286,65
2093715392;04/03/2024;43580092;24524;308,99
3144761639;19/01/2024;43580092;41310;32,46
2093715392;04/03/2024;43580092;79919;308,99
5655103323;10/06/2024;43580092;71496;333,37
6144745969;18/06/2024;43580092;93608;308,64
1125902107;06/04/2024;83334046;80443;23,67
1125902107;06/04/2024;83334046;75670;23,67
6056718463;22/07/2024;43580092;24524;419,72
3601500059;24/05/2024;43580092;60956;51,28
7091565004;05/05/2024;86808677;16824;291,4
3144761639;19/01/2024;43580092;52804;32,46
3601500059;24/05/2024;43580092;52804;51,28
3601500059;24/05/2024;43580092;17795;51,28
7974171879;24/05/2024;86808677;93608;286,65
2713778380;27/06/2024;83095742;17795;115,08
6917224091;19/02/2024;43580092;17795;485,83
3144761639;19/01/2024;43580092;93608;32,46
1275747361;01/07/2024;43580092;71496;269,02
8417593139;09/06/2024;86808677;98842;77,8
3488583687;15/07/2024;86808677;17795;345,62
8417593139;09/06/2024;86808677;62377;77,8
6234166302;26/06/2024;83334046;83628;42,95
1885316237;05/08/2024;43580092;93608;495,68
1885316237;05/08/2024;43580092;73370;495,68
2328543768;25/10/2024;10560208;21032;0
5308789875;25/10/2024;10560208;69411;479,81
1275747361;01/07/2024;43580092;24524;269,02
9750127238;08/07/2024;43580092;24524;367,64
5036026068;27/02/2024;83334046;41908;25,13
5036026068;27/02/2024;83334046;80443;25,13
1245869886;24/05/2024;43580092;71960;0
1885316237;05/08/2024;43580092;36299;495,68
5308789875;25/10/2024;10560208;21032;479,81
3488583687;15/07/2024;86808677;73370;345,62
8417593139;09/06/2024;86808677;86784;77,8
9750127238;08/07/2024;43580092;60146;367,64
3772195841;19/08/2024;43580092;60146;413,46
6378123728;26/02/2024;86808677;93608;279,8
6378123728;26/02/2024;86808677;17795;279,8
3604050290;09/01/2024;43580092;24524;380,46
3752819885;17/05/2024;43580092;24524;391,71
3604050290;09/01/2024;43580092;79919;380,46
8483428947;26/02/2024;43580092;60146;357,89
3604050290;09/01/2024;43580092;60146;380,46
3752819885;17/05/2024;43580092;41431;391,71
9940993145;29/01/2024;43580092;24524;364,35
3752819885;17/05/2024;43580092;61216;391,71
3604050290;09/01/2024;43580092;61216;380,46
5795531523;13/02/2024;43580092;71496;293,8
8483428947;26/02/2024;43580092;71496;357,89
5217212467;19/07/2024;83095742;71496;94,6
9940993145;29/01/2024;43580092;71496;364,35
5386041392;16/09/2024;83334046;85997;34,26
4772803568;30/07/2024;43580092;36299;280,93
1946711105;16/09/2024;86808677;61216;284,16
3197349411;12/09/2024;43580092;41431;262,75
2353147037;07/03/2024;86808677;93608;21,81
1872044990;12/09/2024;83095742;71496;94,6
1946711105;16/09/2024;86808677;17795;284,16
3197349411;12/09/2024;43580092;71496;262,75
3197349411;12/09/2024;43580092;60146;262,75
5861246731;16/09/2024;86808677;93608;138,1
2713778380;27/06/2024;83095742;91260;115,08
8081552796;22/07/2024;86808677;93608;289,16
8081552796;22/07/2024;86808677;17795;289,16
3197349411;12/09/2024;43580092;61216;262,75
4772803568;30/07/2024;43580092;24524;280,93
2353147037;07/03/2024;86808677;63635;21,81
8081552796;22/07/2024;86808677;73370;289,16
3197349411;12/09/2024;43580092;79919;262,75
6672688411;28/05/2024;43580092;61216;475,63
5229363361;22/06/2024;83095742;77784;110,91
1968380960;05/09/2024;86808677;60146;53
3197349411;12/09/2024;43580092;24524;262,75
5386041392;16/09/2024;83334046;37063;34,26
5229363361;22/06/2024;83095742;60146;110,91
5229363361;22/06/2024;83095742;93608;110,91
1115751947;05/09/2024;86808677;63711;247,92
4772803568;30/07/2024;43580092;71496;280,93
3521016429;03/01/2024;83334046;19377;33,3
1715546856;05/09/2024;75361105;48975;1470,7
3752819885;17/05/2024;43580092;36299;391,71
1401322163;25/06/2024;43580092;71496;287,52
3752819885;17/05/2024;43580092;60146;391,71
9633062827;11/02/2024;86808677;17795;284,51
2083031415;25/08/2024;86808677;73370;288
3609412669;21/01/2024;86808677;93608;152,67
9750127238;08/07/2024;43580092;71496;367,64
3601500059;24/05/2024;43580092;93608;51,28
1401322163;25/06/2024;43580092;61216;287,52
1735125549;04/09/2024;33198146;49121;1571,86
6272911180;07/03/2024;86808677;73370;251,99
6605026120;10/07/2024;86808677;17795;176,07
1401322163;25/06/2024;43580092;79919;287,52
1715546856;05/09/2024;75361105;21032;1470,7
9750127238;08/07/2024;43580092;79919;367,64
3752819885;17/05/2024;43580092;95366;391,71
6349730166;16/03/2024;86808677;17795;241,99
6272911180;07/03/2024;86808677;60956;251,99
1331493218;12/02/2024;86808677;91761;31,49
3752819885;17/05/2024;43580092;71496;391,71
2179294367;24/01/2024;75361105;44933;1846,32
8506040320;02/10/2024;75361105;53678;1752,27
6008200821;09/05/2024;43580092;60146;252,18
2179294367;24/01/2024;75361105;96167;1846,32
8601862517;02/01/2024;43580092;60146;321,41
8601862517;02/01/2024;43580092;71496;321,41
6008200821;09/05/2024;43580092;24524;252,18
5912266488;10/02/2024;83095742;71496;629,7
1275747361;01/07/2024;43580092;52804;269,02
7162247147;02/10/2024;33198146;59639;351,81
1334380155;04/01/2024;75361105;18508;5368,23
2179294367;24/01/2024;75361105;50781;1846,32
7591837989;18/03/2024;43580092;24524;762,58
1326359018;12/06/2024;33198146;49121;416,53
2816015945;05/03/2024;33198146;27202;0
2179294367;24/01/2024;75361105;20048;1846,32
7591837989;18/03/2024;43580092;17795;762,58
8506040320;02/10/2024;75361105;30338;1752,27
1624762194;12/09/2024;75361105;54628;1644,36
2816015945;05/03/2024;33198146;51477;0
9562482712;29/07/2024;86808677;62735;328,92
3405489832;02/10/2024;33198146;49121;344,77
7591837989;18/03/2024;43580092;52804;762,58
7591837989;18/03/2024;43580092;41431;762,58
6008200821;09/05/2024;43580092;79919;252,18
8601862517;02/01/2024;43580092;24524;321,41
2179294367;24/01/2024;75361105;89549;1846,32
3850079191;22/05/2024;75361105;44933;698,31
3850079191;22/05/2024;75361105;25901;698,31
2185101254;24/07/2024;33198146;49121;349,46
4161133873;14/03/2024;75361105;29546;2358,12
4161133873;14/03/2024;75361105;26261;2358,12
6632547212;15/05/2024;37404863;92775;206,11
4161133873;14/03/2024;75361105;71362;2358,12
9817348226;13/07/2024;10560208;49121;1113,84
9450840696;03/07/2024;33198146;49121;351,62
3043278459;27/05/2024;37404863;23393;7701,88
3043278459;27/05/2024;37404863;78396;7701,88
3043278459;27/05/2024;37404863;49121;7701,88
3043278459;27/05/2024;37404863;53678;7701,88
5928751414;21/03/2024;37404863;88583;1556,62
